#{"t_start": 1788618626.6149457, "env_id": "None"}
r,l,t
-4241.972153,408,29.420138
-19816.651943,408,56.283782
-17563.492187,402,79.376281
-19105.003719,406,105.788406
-4088.927249,410,128.053534
-10109.313591,408,169.046916
-4652.083006,404,191.365611
-16027.276755,387,213.98027
-11418.400037,399,240.355368
-17507.997597,396,262.042301
-16001.343889,410,314.764619
-9103.922168,406,347.12957
-3235.177834,416,373.198239
-7541.021672,443,398.437607
-16575.061648,415,426.458199
-2486.19219,400,462.955506
-2502.138467,412,484.942626
-2373.452507,397,506.431936
-3294.231084,407,527.949054
-8086.959231,426,554.145224
-3294.630233,388,591.374104
-1573.309412,377,612.566988
-16245.768661,391,635.509715
-2605.149544,386,657.894575
-9307.037561,423,683.320767
-15336.100636,386,720.717949
-2692.260347,388,748.980428
-9615.133292,429,778.512141
-528.5368,396,797.429372
-5779.910011,420,822.010609
-8847.146335,431,862.400829
-7510.928186,426,888.933576
-3845.560319,376,912.689866
-15888.115081,375,936.93924
-5278.669118,419,960.286263
-4028.904197,384,997.123987
-2065.372111,380,1019.124389
-3873.604359,408,1041.312335
-8260.364776,442,1065.99825
-353.533144,426,1083.608686
-6850.566516,448,1122.403324
-3772.260508,365,1144.725841
-5915.76669,426,1167.805609
-1509.42769,366,1189.764519
-5379.488101,413,1214.715605
-533.91928,458,1262.968364
-2266.609244,368,1298.055962
-1646.392357,368,1331.547833
-8427.033238,426,1358.154766
-8723.744009,423,1386.988226
-1535.401878,386,1425.191628
-5749.034774,412,1451.527976
-8663.906908,423,1479.39131
-1502.40773,372,1504.348552
-6375.429298,429,1535.458353
-5600.965688,415,1577.773908
-2956.289717,385,1602.693017
-695.31605,479,1623.608877
-3886.260749,368,1647.860203
-2758.393634,397,1673.486135
-2721.764996,409,1711.343204
-2058.859414,380,1881.083938
-8426.504782,413,1910.690165
-4067.715283,374,1938.741267
-5984.77482,419,1970.535629
-8746.800114,415,2013.81826
-4282.818203,420,2038.437968
-1890.209371,364,2059.001325
-3703.420938,367,2082.271561
-4886.646785,405,2108.881711
-7172.703376,426,2151.161541
-7989.882058,402,2177.220932
-15588.330787,377,2200.158189
-16721.560136,384,2224.273054
-8964.920115,410,2249.799408
-4745.472379,404,2277.405827
-5572.954379,410,2318.117294
-8546.430994,413,2344.023168
-16260.553816,392,2365.935086
-2186.674818,397,2388.239626
-1887.047754,381,2409.946136
-8209.660386,404,2449.2627
-1904.178968,414,2472.21858
-8489.133531,413,2499.105246
-8329.339787,415,2524.931397
-2036.437951,376,2546.138958
-1389.977976,397,2585.194882
-1208.549435,410,2607.025753
-14813.245769,369,2630.368308
-5803.168415,407,2654.631316
-636.366737,519,2673.165254
-4768.614836,404,2714.731628
-14121.508957,359,2739.33693
-7101.912292,404,2764.634609
-14587.702419,357,2787.79394
-14348.392473,365,2813.277645
-4839.536456,416,2852.909452
-5179.83637,407,2877.012461
-2072.50661,372,2898.324473
-14669.169498,373,2921.152097
-1962.182588,406,2943.722794
-1771.212393,394,2980.963053
-4692.155164,412,3005.398871
-1411.160215,381,3027.246344
-2075.168448,384,3051.069453
-673.488214,510,3070.38468
-2009.984575,376,3110.042452
-5865.830441,410,3136.151431
-2309.813428,379,3156.892355
-1886.608863,391,3178.189056
-2549.328553,384,3199.63183
-1813.757349,411,3235.737526
-2134.644046,381,3256.317715
-2008.332449,421,3277.618328
-2078.590769,416,3299.233154
-3602.899141,354,3324.897112
-1658.69066,392,3352.45258
-1309.628902,420,3392.760184
-2149.085441,406,3415.284342
-3471.987602,356,3439.586596
-5028.895318,416,3465.841756
-7933.226613,423,3490.109048
-14728.350956,383,3527.488656
-8599.116977,425,3552.089106
-1306.55373,439,3679.519778
-1543.397576,423,3701.433994
-2399.173609,378,3723.712148
-2637.031566,400,3761.632295
-380.066762,518,3780.27668
-14646.27915,364,3802.686989
-13544.838294,365,3824.894401
-2073.655368,392,3845.841157
-3473.606125,351,3881.87645
-3628.821459,357,3904.067054
-13878.914421,358,3926.055579
-7348.825317,419,3949.353281
-4354.852625,435,3972.106137
-1918.771717,394,4011.312707
-8153.890235,409,4036.457083
-1381.951714,413,4057.481267
-1911.611815,413,4079.21684
-5936.574858,416,4103.074364
-6607.538495,420,4141.576366
-5686.803231,429,4164.768505
-1961.761108,378,4185.924133
-8369.355425,410,4210.157826
-2047.521741,444,4232.466599
-8137.438959,413,4274.497571
-5559.648028,418,4299.655024
-3420.772298,348,4322.646355
-13034.961327,352,4344.033104
-5590.840167,429,4369.509576
-1863.429316,431,4406.113176
-1431.745372,420,4428.088082
-2332.791422,388,4448.723151
-5496.229455,432,4471.757485
-5688.640043,426,4497.118134
-884.585968,533,4530.774671
-2831.681041,396,4552.955986
-1613.103795,413,4573.177682
-3368.557779,335,4595.375863
-2257.750624,384,4617.267197
-6515.552154,433,4656.568621
-13145.704582,340,4678.85692
-2016.880975,412,4699.57832
-2870.058776,436,4722.450759
-2908.977211,432,4746.318358
-7381.231171,430,4784.027505
-2135.550617,390,4804.670912
-1636.820891,420,4825.24967
-2534.21711,407,4846.231236
-2140.305509,385,4867.669267
-2370.083856,413,4903.237718
-2536.316891,410,4924.787394
-5514.669398,426,4947.492981
-2763.288153,394,4969.415276
-2151.201311,408,4991.260251
-2210.445124,407,5028.406093
-2308.946204,407,5050.834071
-2505.892849,413,5073.113604
-2145.229501,418,5095.329755
-832.743236,508,5113.626074
-6100.145296,426,5152.639904
-6388.372581,432,5176.473384
-12800.688152,346,5199.151188
-3186.902048,388,5326.379119
-2266.289451,400,5347.973889
-2448.539978,401,5388.227415
-6499.700277,407,5413.247011
-1648.933608,413,5435.188529
-1671.782583,426,5458.449821
-2246.468412,381,5481.673571
-3750.995756,362,5530.804663
-2154.975552,394,5557.523483
-444.029678,456,5579.315092
-5395.291111,418,5603.852071
-5941.855407,400,5631.292689
-5460.167528,418,5670.323235
-401.015279,447,5696.251356
-5091.052777,416,5721.384512
-2238.125804,385,5744.06445
-8332.206442,407,5770.996109
-2923.777988,415,5808.865175
-2154.235133,426,5831.577255
-1524.497513,406,5852.682247
-1564.947079,410,5874.084122
-4404.219646,430,5896.826071
-1900.489052,397,5935.008837
-5877.143766,429,5959.345724
-2494.85654,416,5982.238939
-2263.297563,431,6004.888877
-1853.058291,410,6029.022325
-6318.178729,424,6070.577339
-2454.141439,402,6092.523188
-1977.244222,418,6114.510906
-5811.233454,424,6139.00731
-542.342072,439,6158.394506
-2173.506818,391,6194.498803
-6609.895809,407,6219.116912
-2002.837247,388,6240.046159
-6017.929291,426,6263.535925
-2352.519885,388,6285.387014
-5494.458288,424,6324.360309
-2181.830799,391,6347.788157
-3939.034967,371,6369.269842
-13060.23683,349,6391.013797
-2005.522802,410,6412.436877
-8737.224981,381,6451.593158
-2870.544971,403,6472.887219
-2046.74656,428,6494.139341
-3943.330521,379,6516.281659
-13457.996453,365,6537.661703
-2220.570216,413,6573.006256
-2647.392545,397,6595.711842
-5709.992507,431,6622.196524
-2115.709514,399,6649.441633
-1795.081244,405,6682.987978
-2120.083028,396,6720.298644
-2149.041922,407,6741.222722
-555.661038,428,6759.771917
-12584.682255,346,6782.064013
-6093.309622,394,6805.822816
-2150.538306,428,6843.308472
-2565.839074,388,6865.525312
-5111.820288,415,6890.312252
-1754.691102,399,6912.011698
-587.491516,424,7051.390705
-2301.914324,400,7088.97919
-5361.69855,402,7112.476002
-12572.940487,336,7134.20455
-2154.199047,384,7154.752622
-2337.107353,436,7176.687348
-4893.83997,400,7201.411167
-5060.489035,415,7242.760752
-2830.255728,407,7265.236641
-8403.50978,397,7289.870211
-2360.565803,414,7315.218405
-2316.510857,394,7336.55887
-11742.85915,311,7372.778716
-785.200262,477,7390.965791
-3465.077878,347,7412.646619
-3246.875888,333,7434.821596
-1646.109604,404,7454.969795
-2391.570492,405,7492.000376
-619.762337,466,7510.313386
-5325.382074,404,7534.852378
-5654.104238,401,7558.517372
-2096.375678,408,7579.555775
-1525.466967,383,7616.623629
-9703.910849,383,7642.64443
-2231.578119,381,7664.871614
-12864.87233,354,7689.766124
-655.886436,468,7707.219367
-12609.073098,316,7744.292504
-3194.339005,373,7766.011006
-2273.230738,395,7788.32752
-7365.122383,367,7814.339576
-4866.898746,437,7840.960367
-7942.856604,381,7866.572234
-605.419573,450,7902.593174
-2433.399583,365,7925.096366
-7984.68179,372,7954.393645
-6366.793315,410,7978.710041
-2269.372261,359,8000.011368
-3296.197328,336,8035.90694
-2351.901255,379,8056.00122
-2571.417674,367,8076.983893
-465.938525,437,8094.844642
-7908.30539,372,8118.714111
-2348.394584,390,8155.525606
-7571.575635,365,8178.660993
-2380.009496,389,8199.619278
-3605.575518,378,8221.656556
-5296.438659,407,8245.593208
-7543.239205,401,8272.16569
-4588.061724,383,8310.751199
-8529.722495,390,8334.836328
-2578.966826,375,8355.29782
-2260.226525,365,8377.285792
-2287.40715,391,8398.707401
-6254.965919,402,8437.929347
-3472.40764,349,8459.543141
-5747.15487,438,8482.564267
-8079.375709,393,8506.463998
-8302.720047,388,8532.6106
-3626.331221,356,8569.345052
-558.553905,431,8587.706673
-2358.407302,395,8608.984228
-13265.879339,338,8630.624667
-3825.193107,367,8651.995264
-3796.203745,370,8673.324473
-1888.483752,421,8820.979099
-2450.795245,400,8843.692421
-2660.428263,383,8866.666632
-5129.908578,430,8894.731045
-2785.737544,423,8923.235764
-676.200431,426,8956.634555
-2664.401143,410,8983.792707
-5367.190809,445,9013.201825
-8329.166766,401,9041.773937
-2906.081893,384,9079.570822
-6101.000752,420,9107.87622
-1773.577304,381,9131.493983
-1742.190672,391,9154.799003
-2114.009877,380,9177.455771
-541.895399,424,9194.967686
-6766.784498,420,9238.143356
-2623.618004,383,9259.560074
-5660.469104,425,9284.791369
-6064.968515,414,9308.87009
-13088.732667,330,9331.609969
-3683.972065,354,9370.629587
-3553.534526,394,9392.637983
-8630.856436,418,9418.528319
-6717.919986,412,9442.218578
-9296.119628,431,9468.021627
-6718.752261,417,9506.91594
-13411.280765,345,9528.997707
-2121.915526,394,9550.358845
-2888.767083,396,9571.915513
-12848.911813,341,9594.767292
-589.221192,408,9628.83078
-12849.157372,334,9651.980985
-3761.852903,363,9673.854497
-2697.03419,376,9695.287568
-6309.82356,391,9719.439632
-8842.65176,406,9744.602883
-2594.611486,391,9784.310704
-6242.37675,408,9808.82937
-3934.607704,365,9832.263405
-7095.031749,412,9856.037634
-6135.241824,394,9884.312647
-8430.05599,394,9934.410032
-8348.346436,395,9963.855879
-3727.722427,398,9988.289807
-8650.113205,391,10018.932121
-5654.002574,404,10044.288228
-5805.15666,399,10085.108719
-773.007349,432,10103.03665
-6496.981789,410,10129.427306
-2772.815343,397,10151.756535
-3138.087753,392,10174.325932
-2824.787418,406,10216.397653
-7981.579397,378,10244.840665
-7551.45737,413,10272.954105
-8521.530251,396,10298.157199
-3429.029852,395,10322.514432
-3460.767909,396,10361.291995
-589.691757,421,10380.784333
-3355.019982,391,10402.65878
-6793.748189,410,10427.505961
-3981.95398,390,10450.012411
-5776.888865,414,10490.107091
-2075.363264,396,10513.081035
-4209.558133,380,10658.582274
-2603.39142,376,10680.666009
-3958.218775,402,10702.569885
-2573.874727,391,10725.144561
-3222.581897,409,10763.747966
-5633.940491,418,10791.036065
-5893.734872,423,10816.577432
-3828.330692,349,10844.917404
-640.744106,434,10863.664349
-6431.881972,409,10904.464356
-5438.095456,420,10929.379895
-3052.357782,420,10951.299615
-757.682129,440,10970.48023
-2920.703723,387,10993.151663
-13981.613008,356,11032.280433
-2056.945685,405,11054.149886
-2629.322195,413,11075.920984
-4001.810551,365,11099.123007
-4309.634575,370,11121.720571
-6098.392717,420,11163.042425
-971.614838,452,11183.388983
-8497.453032,404,11208.731817
-5913.657117,442,11232.729306
-14094.825309,351,11254.681985
-6459.593241,407,11292.897433
-15184.353605,365,11314.994507
-2942.906514,386,11337.659422
-3008.63786,400,11358.440253
-3874.540182,373,11382.219707
-4183.115555,386,11419.777716
-671.919506,429,11438.441916
-542.706104,432,11457.138463
-4573.477832,415,11479.117225
-7990.358403,446,11504.161587
-8509.298573,402,11542.273941
-6149.013876,426,11567.41296
-2451.995715,417,11588.58483
-8495.903749,420,11611.805724
-4228.007918,383,11633.922031
-4235.636721,392,11670.197838
-14887.04251,384,11692.425612
-2281.002629,391,11714.107701
-487.694135,423,11731.432579
-6104.977424,429,11756.619773
-2558.002131,383,11792.895471
-1980.057111,410,11822.860157
-2140.759612,405,11843.473333
-2945.325861,415,11865.384779
-3630.261283,412,11887.474855
-1798.478022,394,11923.618351
-7124.610235,404,11947.822629
-1708.136796,383,11968.357848
-2368.314664,400,11990.752071
-2420.842923,405,12013.031569
-8803.485522,404,12054.721192
-3511.563828,408,12076.571978
-7111.605644,410,12101.762423
-3946.384414,422,12126.890433
-7167.341516,407,12150.963671
-8903.275439,386,12192.159329
-6435.67676,401,12216.706634
-1691.980332,375,12237.556235
-5366.283106,394,12374.965985
-15720.441564,367,12397.525952
-4565.43815,393,12420.371916
-6642.082917,414,12462.879557
-6023.000831,405,12486.428132
-506.144755,415,12504.532115
-5331.262404,426,12530.635139
-2640.096188,391,12554.135126
-15453.228216,373,12593.469817
-5402.46798,410,12617.794696
-628.265831,421,12636.60566
-2558.78694,395,12659.303882
-2967.391811,400,12681.354238
-5383.346904,402,12725.876494
-5858.496106,420,12749.883536
-2269.269333,399,12775.973251
-15148.595801,368,12798.486861
-2440.659579,394,12820.593651
-1670.130343,374,12855.800407
-2143.034162,362,12877.714306
-2399.854764,369,12901.482431
-1639.417445,375,12923.089261
-8294.434701,404,12948.573941
-4223.699186,384,12987.338216
-2311.023982,355,13014.432245
-1605.255754,352,13036.469467
-2365.8401,363,13058.425345
-5378.501049,388,13082.192502
-5466.072337,397,13106.904711
-2599.819785,362,13146.353545
-8532.728752,391,13170.613554
-2337.216207,383,13193.941439
-2519.46033,368,13215.324987
-736.973214,460,13234.267882
-5987.366057,400,13274.460546
-2460.267064,376,13296.119058
-2681.599587,368,13319.38489
-2449.290367,377,13340.6293
-2447.966045,353,13363.534503
-4950.143828,387,13387.968091
-8003.755699,404,13431.494126
-8515.993702,405,13454.718127
-506.169525,412,13472.204248
-618.608128,427,13491.09296
-2269.084549,368,13514.046266
-7942.348686,388,13552.821869
-4144.035943,381,13574.172837
-4841.194437,386,13596.807399
-1578.407321,372,13617.96068
-551.635934,437,13635.719987
-2469.446992,383,13672.487201
-2180.514921,360,13693.314999
-2387.182316,379,13714.609106
-4097.868607,386,13738.27914
-597.875743,413,13756.545834
-8561.944819,396,13800.808845
-5206.982607,407,13825.015461
-13632.260863,361,13848.775576
-5865.294769,416,13872.684185
-486.102167,384,13890.050797
-3965.163081,378,13928.272005
-6050.984654,410,13952.511018
-3779.604762,375,13975.702602
-6070.949624,397,13999.556919
-3380.293333,400,14173.354905
-5513.15216,394,14200.06899
-8495.220045,410,14251.548894
-2390.990563,379,14276.574009
-7395.991805,405,14303.034462
-14293.983337,360,14328.722445
-14657.077507,356,14352.900952
-6322.936802,388,14429.343113
-2815.64123,388,14462.83727
-13388.908551,351,14488.890301
-8245.966312,394,14521.561708
-5995.810378,394,14547.798598
-508.795111,412,14586.549902
-14091.863097,362,14609.920625
-6639.684566,376,14637.124462
-2841.081581,380,14658.283403
-3535.362858,375,14681.395674
-8083.274457,390,14711.631902
-6062.863438,388,14752.407287
-8062.729775,397,14776.948249
-4090.956423,385,14799.556067
-2448.173216,384,14822.701124
-2254.308063,390,14844.826447
-5493.828217,392,14883.736376
-2914.796671,380,14905.838584
-3921.221948,380,14928.386991
-8183.610168,386,14953.26862
-2644.929283,404,14976.908693
-1713.858235,396,15014.075615
-2412.08394,398,15038.372659
-2708.797885,381,15060.981258
-3246.883323,389,15084.309756
-8389.792637,387,15110.362315
-1548.989529,393,15148.406321
-8166.715929,392,15175.111848
-2409.163,408,15196.829384
-4343.472892,391,15220.536893
-2922.498022,411,15242.798583
-5509.148468,416,15281.151262
-3518.15232,400,15305.011128
-2081.141198,404,15326.781645
-2861.751022,388,15351.878836
-15307.34948,386,15373.419392
-3981.879971,389,15395.469465
-3598.040019,391,15434.858836
-3911.409968,389,15458.030673
-3755.512659,394,15479.643138
-3114.643939,392,15500.639534
-2984.755363,388,15521.658646
-2750.903117,404,15559.543266
-2592.052859,399,15581.560274
-2690.036471,402,15603.668685
-5810.068561,390,15627.531934
-967.186938,423,15646.118796
-3474.347768,385,15686.1976
-6890.258724,387,15710.788424
-2430.294014,398,15731.8376
-2418.05227,388,15754.188366
-15094.807672,396,15779.165655
-5988.485811,392,15820.344793
-1961.136646,391,15844.280696
-5159.959761,391,15868.380558
-7978.936373,378,15894.44481
-2611.10484,399,15916.822191
-3399.320628,396,16075.154622
-4385.678941,392,16097.968497
-4921.33455,388,16121.004327
-6445.213866,384,16146.105013
-7230.574515,381,16170.584864
-14578.286232,375,16206.019189
-2377.778276,378,16253.203471
-2960.150437,398,16276.238331
-5498.391136,380,16312.453372
-2671.415789,381,16340.819256
-2964.632711,404,16367.605352
-2921.502864,396,16403.737345
-14139.194618,356,16426.540648
-2931.477826,394,16447.261494
-4380.063585,400,16468.976652
-5985.578467,386,16495.551975
-5425.567042,373,16535.36799
-2463.347002,383,16556.455531
-502.39305,402,16573.797355
-4023.847319,390,16595.427702
-6189.209879,396,16620.453178
-566.756779,407,16639.587413
-5870.555839,393,16680.233783
-4113.246989,376,16702.41491
-612.472762,405,16719.716142
-2141.762804,384,16739.992894
-2554.918802,385,16760.4278
-548.710347,431,16795.065465
-2974.092619,391,16817.178967
-2588.878544,389,16839.887848
-2049.571727,409,16860.641219
-2999.592096,397,16881.640122
-2503.147362,413,16917.933471
-2708.373678,398,16939.724693
-5581.80365,394,16971.934823
-2241.471592,407,16993.308817
-2854.446041,389,17015.223224
-5070.757783,400,17052.740908
-401.205552,410,17069.832874
-14044.272107,371,17092.03688
-14947.265504,384,17114.516991
-2757.793946,398,17137.101228
-2948.359903,402,17173.643842
-4514.450494,397,17200.112457
-5735.943091,392,17229.765748
-4119.334321,376,17252.626705
-8099.421452,398,17281.498888
-2835.117419,397,17319.613188
-3720.94387,402,17344.082375
-393.066871,384,17362.766024
-5737.016927,398,17389.093509
-1771.803545,381,17410.250502
-2604.211939,386,17432.419694
-6775.409942,400,17474.81499
-2476.226238,391,17497.264123
-600.862455,495,17515.660587
-3968.049041,386,17537.079106
-2736.006166,397,17558.384649
-2325.616359,389,17594.264937
-5386.253564,396,17621.033921
-5496.587064,383,17644.452809
-9298.872845,419,17668.282583
-2591.828985,392,17691.359726
-5143.629703,404,17841.076226
-2397.62492,410,17863.012094
-1788.083444,387,17885.756437
-6049.685631,407,17912.669142
-3933.870031,410,17942.671271
-8331.531741,405,17984.966269
-4238.502841,391,18011.601614
-5385.91607,408,18040.387619
-6149.066963,394,18068.512676
-370.560831,380,18087.54692
-5230.861501,410,18130.043341
-2264.184844,392,18154.018145
-2119.820042,385,18181.680333
-4989.359967,396,18207.971178
-2392.704214,395,18237.299765
-2308.923769,381,18276.810503
-2728.277046,404,18301.645924
-6415.497299,421,18328.354006
-8348.67353,400,18357.09369
-5771.238091,424,18381.09155
-3333.635545,401,18422.843409
-2405.140658,388,18445.709372
-4111.432028,391,18470.028482
-2311.100948,389,18493.171351
-2271.352748,383,18516.545046
-6993.01751,416,18543.829303
-1889.501906,391,18586.14442
-1880.035107,392,18608.208594
-5411.107916,410,18633.550992
-6708.561261,410,18662.024741
-2633.618144,388,18684.456556
-3977.044312,378,18725.805953
-2057.837857,375,18747.312416
-3987.481443,386,18771.433067
-2814.671639,397,18793.751377
-6304.973603,429,18819.658029
-1767.06151,400,18855.892757
-5930.845145,428,18881.089451
-15250.770876,378,18906.771949
-515.34811,417,18925.294576
-4241.868953,394,18948.430158
-1841.370387,399,18985.059091
-2685.965512,403,19007.157095
-4334.722041,395,19030.925383
-2447.621892,386,19052.117301
-5461.248435,413,19074.982598
-4369.530112,400,19111.613345
-9489.548257,416,19136.60307
-2904.225399,426,19157.539718
-3282.798957,418,19180.00567
-6482.006473,424,19205.224553
-5358.866206,410,19268.248169
-16107.286406,386,19291.944196
-8507.994083,396,19324.98758
-2896.901384,392,19348.137515
-5661.833273,423,19373.680187
-6490.949873,423,19415.407761
-2511.181089,416,19439.748147
-8877.085188,404,19466.031941
-6617.706095,439,19492.772677
-3542.362823,421,19516.050266
-455.590903,384,19558.12187
-6745.66774,429,19705.178006
-3479.32759,429,19728.468683
-3331.351805,405,19750.293762
-4284.818073,394,19772.354665
-5566.459391,436,19815.099747
-6222.407764,426,19839.902899
-495.798928,389,19864.163644
-5900.963032,420,19889.904242
-9154.824352,407,19926.536997
-15259.221025,378,19966.627369
-6105.709667,405,19992.709773
-3521.506733,402,20015.622837
-2872.509365,388,20038.276194
-15682.807565,376,20060.562088
-3971.10228,374,20104.432149
-2529.916666,401,20129.235898
-8770.214228,405,20157.532176
-646.794251,438,20179.987084
-2907.13977,404,20202.975821
-5484.166491,413,20246.549817
-4053.515293,385,20270.426894
-2407.798304,400,20294.226389
-16444.529718,397,20318.425285
-2833.39886,394,20341.580918
-3103.258018,405,20382.434332
-2349.42549,400,20406.393484
-1803.432811,388,20430.184516
-4222.63235,383,20456.250965
-2780.061709,402,20478.590451
-6163.891315,412,20523.353808
-5660.942527,416,20547.788059
-15508.171738,392,20572.438799
-6151.183743,407,20596.742468
-6056.881824,404,20623.293093
-467.705186,399,20642.275953
-4817.68683,397,20683.399464
-5322.167609,418,20709.817339
-1839.438932,395,20732.526389
-2835.438339,412,20755.695867
-469.562154,394,20772.836233
-2214.673705,408,20814.753469
-6320.197692,426,20842.926021
-5814.576924,416,20867.430919
-6691.996973,413,20891.681586
-2758.43346,400,20913.244416
-2640.322294,407,20950.465723
-2547.99229,416,20972.450665
-8966.190668,399,20999.071204
-3492.785538,415,21021.677359
-1953.59015,410,21045.176085
-2364.126971,403,21083.380564
-5284.103451,400,21108.114693
-3428.918703,404,21131.648772
-760.892743,414,21151.366517
-2493.03267,398,21173.619257
-6085.690207,412,21213.259772
-577.154742,399,21232.032211
-2521.285775,387,21253.956298
-2673.69179,402,21276.802773
-15520.306373,397,21301.783478
-638.258508,396,21335.882068
-5476.606857,416,21361.474282
-2492.474329,379,21503.612095
-3902.455073,368,21525.487715
-2420.754465,397,21546.805973
-17513.378288,392,21585.407807
-1694.210728,368,21606.394595
-8218.171796,382,21631.426662
-1638.742891,376,21653.312315
-2571.911256,404,21674.596595
-676.783911,426,21707.157176
-3533.629872,356,21729.122804
-5464.964079,401,21752.99027
-565.523591,392,21770.786
-2575.067162,375,21793.656313
-8739.641209,396,21817.639372
-5759.644675,397,21857.438426
-1816.509537,373,21878.840645
-2543.711548,404,21900.356074
-1817.313923,384,21920.602601
-2379.009263,370,21941.919777
-3864.371488,373,21978.296582
-4874.522887,397,22000.604196
-6602.837752,392,22026.133618
-5783.616956,410,22049.075477
-3785.644812,373,22070.267853
-1408.103926,364,22105.497835
-6432.559327,406,22129.484725
-5772.188973,391,22152.88433
-1707.972233,390,22172.355386
-3919.100134,373,22195.679125
-16444.138736,386,22218.346807
-16912.458839,400,22259.205084
-2244.44165,376,22280.77745
-8677.233797,374,22305.132264
-5453.239031,416,22328.935808
-488.776767,405,22345.837219
-2228.869976,399,22383.281116
-3894.921377,373,22404.628172
-3229.046577,388,22429.071581
-2232.201936,367,22449.918687
-17998.83736,395,22471.201811
-2483.305002,392,22507.857894
-479.30516,399,22525.102156
-2507.515425,380,22546.616354
-2423.038557,380,22567.468307
-3763.439239,385,22589.270699
-5267.795586,400,22629.404241
-3376.053444,381,22651.052014
-5724.262656,381,22675.877815
-3879.044157,372,22698.012098
-4983.835889,388,22722.201019
-2291.023331,381,22746.202563
-4626.158031,368,22786.891502
-5738.18698,400,22811.279901
-5489.359256,382,22836.085048
-6200.616121,408,22860.984866
-2476.578342,380,22882.613712
-3870.22742,372,22920.233573
-5905.296898,401,22945.069782
-2471.951126,386,22967.696593
-2338.704592,371,22989.414856
-2462.428038,383,23012.960084
-7875.517091,370,23064.478671
-16835.568111,402,23097.021806
-2414.881898,375,23125.442908
-7347.274942,392,23159.623083
-2320.311223,392,23326.506659
-3902.522692,380,23351.189479
-6094.700633,415,23423.264852
-8684.12265,396,23463.591409
-5978.55427,408,23494.69913
-2992.200049,399,23530.998946
-6612.502006,397,23564.278488
-6060.940753,402,23606.550213
-2473.756753,383,23636.629927
-1791.307751,374,23657.644819
-3103.674391,397,23682.756036
-2545.69257,389,23707.841678
-2622.478632,380,23749.260567
-5844.066428,421,23773.991485
-8545.41176,396,23799.536279
-2963.539633,402,23824.62151
-2194.479574,372,23846.271461
-1943.679563,388,23883.18395
-2867.362605,400,23905.717714
-4406.968641,412,23929.514387
-3913.68902,379,23951.748007
-6345.765125,397,23976.825839
-1826.060915,391,24013.385267
-2188.252292,365,24038.313301
-1542.913098,364,24061.539293
-5493.820692,429,24086.114247
-298.912878,392,24104.318015
-2198.331512,370,24127.292248
-5398.90831,404,24169.607391
-2296.23561,356,24192.334761
-1900.753298,346,24216.497042
-3071.841119,372,24246.096234
-5301.344443,415,24273.682967
-5708.99393,410,24321.672356
-1454.446401,362,24346.250575
-257.926617,391,24367.91592
-2629.977437,372,24390.525361
-6536.146093,424,24423.733423
-2406.783411,378,24465.665396
-6762.562035,404,24494.840409
-6279.800211,423,24520.584756
-2697.835867,378,24545.02805
-3511.785208,347,24567.247669
-14082.937959,363,24592.951268
-5428.541602,416,24638.442554
-6930.32986,405,24673.976533
-3599.128117,348,24698.430238
-5881.360358,407,24725.157883
-1704.039755,384,24746.88611
-15542.959852,376,24787.228928
-8631.712053,396,24812.375407
-3212.160547,336,24836.306538
-16999.241952,376,24858.163195
-2321.960633,375,24880.40746
-15349.880046,359,24920.3503
-16782.525591,388,24943.733459
-2315.782365,364,24967.027925
-7534.778235,354,24993.67749
-2782.935656,388,25025.311271
-2823.75554,359,25047.935272
-2527.431072,362,25087.884705
-1730.711294,371,25108.885367
-6768.3015,383,25135.285103
-2705.145052,359,25156.916756
-1704.765961,375,25180.124747
-10306.624185,380,25329.60537
-5181.190512,386,25372.88466
-5658.106998,407,25397.349713
-2802.766274,361,25421.709491
-1863.1335,383,25443.899982
-3717.776845,388,25466.441519
-6051.045568,400,25508.387412
-2526.437225,372,25531.201418
-16382.969743,366,25555.1258
-3323.464327,342,25577.740474
-2246.804792,359,25599.899979
-1986.501184,372,25640.915052
-2561.558043,376,25665.374294
-3520.079902,352,25687.950184
-2250.076416,367,25709.618309
-1456.056422,367,25731.541415
-6666.012564,404,25756.835974
-2486.093384,366,25797.898542
-4994.267381,377,25821.917148
-6859.597861,389,25846.977315
-15310.427374,360,25871.199631
-8098.854351,375,25896.245601
-2740.501009,371,25935.195462
-6319.352911,381,25963.738347
-5885.612694,389,25991.377107
-1743.869055,379,26013.258841
-334.472981,394,26031.856968
-15235.994782,359,26054.142013
-5681.672954,384,26095.832773
-2768.590695,379,26119.24187
-2283.506301,362,26142.791502
-2390.11218,362,26165.012836
-6145.635826,391,26189.800013
-3053.472693,374,26228.713588
-3226.642556,402,26251.824986
-3012.159301,381,26275.947783
-7987.293507,354,26303.136004
-2364.486239,391,26324.880381
-2563.766175,376,26347.14507
-8521.323316,384,26389.36303
-5274.128033,407,26413.840888
-319.299882,383,26432.093782
-5667.797117,391,26457.767116
-2748.152025,390,26480.604016
-5614.770395,394,26521.688751
-2600.996125,394,26543.624952
-5636.657194,390,26568.461058
-6080.556604,397,26593.43728
-17929.717541,412,26620.42928
-2601.910372,399,26657.588007
-378.192113,381,26675.796179
-6498.650076,397,26702.583165
-6004.479073,415,26727.569142
-6487.643702,394,26753.201672
-7565.919176,364,26792.170086
-4064.289492,378,26818.13152
-5815.448248,394,26843.943273
-337.062384,399,26862.123076
-356.924303,394,26880.403832
-1977.809762,405,26917.492954
-7638.081937,359,26946.393915
-17417.825032,388,26968.722108
-16172.86937,380,26997.394156
-3355.939884,404,27023.634839
-365.421957,388,27045.275915
-769.685538,404,27236.419619
-5700.914994,392,27261.497536
-265.120333,404,27280.963534
-324.63793,407,27300.998328
-5769.488212,407,27327.111718
-5376.319363,434,27366.67626
-5260.84932,424,27389.292402
-3990.463274,448,27412.532558
-5678.071436,437,27435.280947
-3672.210075,413,27456.754295
-4471.067259,392,27492.900007
-17085.479957,394,27514.952524
-6845.74637,400,27540.082852
-4658.672045,389,27599.3373
-1943.266157,399,27652.762251
-3783.133467,416,27698.082235
-4779.311838,400,27724.274277
-17294.720087,388,27750.062072
-14709.597407,369,27776.28728
-3345.051033,401,27800.476272
-3961.269186,407,27841.277122
-2539.434926,397,27863.119287
-2628.833782,394,27905.1438
-4377.689012,397,27937.81585
-3643.864131,418,27964.583667
-3274.893348,400,28012.835295
-14482.435098,362,28038.667868
-5450.282389,405,28063.817858
-6708.435897,404,28090.034525
-4834.358402,403,28113.789915
-3940.111919,420,28153.195275
-3434.501512,415,28177.081288
-2506.28815,401,28200.635511
-2094.118779,395,28224.531418
-2051.035603,413,28248.049495
-6111.324557,397,28290.660672
-3141.289712,397,28316.455575
-14638.518513,375,28339.392863
-5742.239608,407,28364.565938
-3081.750968,416,28387.64394
-6128.010378,405,28429.283308
-6649.847441,385,28453.611778
-7054.288762,391,28478.45966
-2398.966729,418,28501.265285
-6106.61881,411,28525.489485
-2937.475401,402,28567.078553
-3137.154097,415,28589.217971
-2781.48344,429,28612.233479
-5246.970233,409,28638.947085
-13763.562511,372,28663.936964
-1949.080472,413,28699.549494
-3084.651124,423,28721.851937
-2213.0834,421,28742.973665
-2903.369031,410,28764.491889
-5976.800852,423,28792.440805
-5775.774821,407,28835.770009
-2179.75253,445,28862.202493
-1908.346378,418,28883.632576
-411.624409,442,28905.653985
-5516.930201,420,28931.365701
-6173.856659,414,28971.144602
-5227.542087,418,28993.418495
-4912.636482,413,29124.947588
-2212.243362,442,29146.331572
-6092.967536,392,29187.276834
-2049.558823,429,29237.288653
-8653.743781,367,29266.021387
-297.058002,429,29285.479644
-2980.368154,402,29308.020171
-379.24575,436,29327.513824
-15418.810912,378,29366.401513
-2521.885321,405,29392.372832
-6101.163171,400,29421.682703
-2758.585243,405,29446.02327
-15511.102815,376,29470.849994
-15803.170384,375,29528.781924
-16262.405498,378,29558.606326
-5545.377474,397,29587.827021
-4474.205917,400,29611.910276
-8252.4075,377,29641.986008
-8561.719842,383,29667.431559
-5875.275542,404,29712.764788
-1889.626441,430,29736.280488
-6435.593699,408,29762.061925
-2746.049288,410,29785.131126
-2394.993772,421,29810.819163
-3026.986744,397,29858.629063
-6354.563638,395,29883.663455
-2686.638846,408,29905.29886
-8312.660984,376,29929.871198
-3148.979687,411,29951.896594
-2510.626919,403,29991.913822
-2020.608134,429,30014.630927
-15834.30773,385,30039.538786
-2589.05711,412,30064.881143
-4146.484709,381,30088.146609
-15870.510485,396,30129.867403
-13897.306279,363,30158.893667
-6472.309429,392,30185.894642
-1955.317159,415,30208.12595
-2615.768815,380,30232.403201
-8086.896153,373,30273.18687
-5608.022498,407,30298.511709
-5534.944964,408,30323.354321
-1781.091606,394,30345.016089
-2907.632338,413,30367.027121
-3628.010479,360,30404.588102
-2669.329726,391,30427.695156
-4324.419836,380,30449.976199
-2887.882338,394,30474.981797
-3295.44217,410,30497.281053
-2060.195261,412,30532.946319
-6731.012407,423,30557.027294
-2480.003641,420,30580.273406
-457.318622,461,30603.767821
-2566.248272,397,30626.480481
-6167.591376,412,30665.851779
-3162.77806,416,30687.405388
-4620.043778,399,30710.940037
-6056.898136,423,30735.420239
-15825.300487,402,30757.853687
-2989.537065,415,30795.68952
-2366.909028,421,30817.111828
-6286.784105,403,30840.492478
-5820.341806,407,31029.914647
-16686.71489,400,31053.20966
-2508.286843,424,31092.887437
-3324.825246,397,31116.356329
-5304.89389,394,31141.997902
-2918.809009,392,31163.169833
-14421.22317,368,31186.752311
-2749.741999,401,31230.536247
-8146.988979,375,31258.591963
-3722.673019,365,31280.637286
-4136.820894,394,31303.408307
-5787.684085,410,31328.074107
-2301.704269,405,31349.159284
-5797.221871,393,31390.344291
-4263.901418,399,31412.218995
-6587.129927,416,31437.032517
-4409.827878,396,31458.636897
-5982.926253,415,31481.876257
-512.096068,460,31514.017534
-6292.806494,406,31537.092078
-2742.100081,400,31557.97647
-6501.849054,423,31580.603097
-6614.274964,407,31604.768595
-6544.634488,397,31651.696469
-7156.440009,428,31691.434085
-16899.265323,394,31714.006341
-2516.755878,391,31735.794474
-6903.391435,410,31759.343676
-2822.289689,423,31797.620954
-1938.104117,423,31818.429475
-2563.573069,380,31839.711277
-2934.011579,394,31861.334654
-5733.030322,416,31886.932779
-4084.524103,373,31931.539423
-4355.903404,400,31953.671844
-573.64577,458,31971.918163
-8652.424218,376,31996.635273
-5900.766868,397,32021.318443
-3537.512601,391,32059.467081
-2383.633461,405,32083.09384
-2969.750712,396,32106.513812
-17893.917739,423,32129.909234
-5410.912779,408,32154.443771
-2707.953049,412,32191.22858
-565.596036,470,32211.368966
-2462.36782,384,32232.816223
-6111.605867,418,32256.692291
-1755.385003,410,32277.392753
-3116.544512,405,32314.092424
-6288.557924,410,32339.34261
-5210.350605,407,32361.85837
-395.292447,410,32380.413424
-5647.618075,404,32406.226886
-5754.583798,420,32444.752385
-16408.568976,384,32467.5147
-299.899463,405,32488.918486
-4759.236567,413,32523.484413
-1747.050892,403,32547.618391
-2277.506021,386,32591.022838
-6182.436043,413,32620.500894
-4587.953211,407,32644.222024
-2343.117678,391,32667.222717
-4914.024997,426,32835.89309
-2920.407689,424,32878.719169
-7293.719328,420,32903.936896
-2671.292435,428,32929.69484
-1672.162074,415,32951.165347
-364.699237,440,32969.505203
-18251.87633,421,33011.627536
-4821.155023,424,33036.534216
-4557.418748,436,33068.963031
-17291.272611,416,33093.314839
-2950.611954,413,33118.644647
-7518.925037,418,33160.772234
-1741.328405,410,33182.948169
-2374.288079,423,33204.911952
-7877.405387,389,33230.005657
-5947.132921,442,33253.645464
-5422.036292,423,33293.55048
-18552.898727,409,33316.436277
-16478.601344,404,33340.638814
-5508.019983,423,33366.125893
-4610.100212,407,33390.105618
-2622.745346,410,33429.651718
-1713.804174,384,33450.743125
-328.658465,402,33468.873562
-4598.269128,405,33491.32303
-7080.957913,422,33516.327056
-2458.484232,402,33553.966495
-6797.79076,413,33577.957857
-5881.391219,432,33601.848035
-2561.480189,405,33623.227166
-1606.731942,386,33644.08162
-5865.059946,434,33683.201921
-4830.79254,412,33706.154333
-6263.690859,440,33728.829135
-7128.795063,431,33752.257669
-2593.401609,410,33786.366027
-2919.837441,413,33807.06541
-506.085644,432,33824.246702
-17645.082314,422,33844.959517
-19174.817742,430,33866.037375
-2450.814854,395,33902.280194
-6233.47333,425,33926.139533
-6017.383223,418,33949.347211
-4408.793388,397,33973.313107
-286.520364,393,34001.229135
-2689.386258,388,34058.138187
-402.19738,391,34076.419587
-8621.693418,397,34101.097509
-4261.438051,420,34125.303279
-364.306943,387,34143.710383
-4252.69632,391,34165.912016
-8459.481596,402,34240.674577
-6409.898054,434,34290.626675
-7298.211085,425,34334.910305
-2353.08398,396,34375.327266
-3418.117635,437,34417.831325
-8717.633203,382,34444.105041
-6404.709918,420,34471.05172
-6982.052088,412,34524.334224
-8527.758578,378,34564.989832
-2846.566074,382,34740.342493
-6346.53975,413,34787.609207
-2351.250018,373,34813.887817
-6396.311022,420,34844.034108
-5528.890963,414,34872.124754
-2612.742917,396,34895.48724
-4068.401043,367,34935.92596
-3678.911502,360,34962.041955
-5068.059346,404,34992.186822
-1352.438858,359,35012.998576
-2515.46274,384,35036.316966
-6905.378552,392,35076.37014
-2334.902824,384,35099.995953
-7831.555907,359,35125.419185
-6186.209541,402,35151.191941
-4003.197559,368,35173.404568
-1374.701028,358,35195.400524
-2636.403744,391,35238.872426
-2373.583334,373,35261.055362
-3730.844804,391,35283.212067
-1924.593901,375,35305.619267
-2500.707533,365,35328.012305
-2395.199814,384,35365.46497
-14529.563667,378,35388.254922
-2777.179983,394,35416.989448
-16490.517939,380,35489.296174
-3361.300578,408,35527.91481
-5894.658927,397,35634.111019
-17011.133535,397,35663.589944
-2380.461656,377,35681.720019
-3335.782602,385,35700.526028
-1873.521745,377,35718.423422
-2106.423996,380,35736.761258
-2029.353164,396,35769.759145
-5641.739587,400,35790.13999
-2295.199288,375,35808.471185
-2832.575704,379,35827.299531
-1660.980426,375,35845.13791
-1587.633589,365,35876.4304
-2834.651444,391,35894.923599
-7576.749764,352,35914.944583
-3846.150699,354,35933.674368
-2568.85554,389,35952.351939
-1877.445111,383,35984.273536
-597.3934,407,35999.431297
-2761.660298,390,36018.000053
-6431.281082,393,36038.606614
-2261.25596,400,36057.154028
-2495.23899,392,36075.438469
-5144.435516,391,36110.692387
-5305.057149,404,36131.153859
-499.515412,407,36146.437404
-2639.191187,392,36165.088342
-2313.761171,404,36183.81383
-15394.230888,386,36216.461498
-16416.312861,392,36235.626353
-5731.982314,418,36256.26899
-1809.550169,386,36274.317464
-4014.245895,378,36292.91659
-6006.44652,394,36327.575008
-3843.260664,400,36346.542255
-7828.788866,346,36367.006821
-2558.074841,397,36385.329888
-2298.220365,399,36403.511696
-2399.993936,400,36436.039002
-2552.754272,400,36546.78297
-3386.0979,396,36565.312187
-2390.282718,384,36583.470113
-3010.19744,378,36602.074979
